word,sentiment
limited,neg
obstruction,neg
woods,neg
perverted,neg
hating,neg
hate,neg
aggression,neg
offenses,neg
regretted,neg
violate,neg
excoriate,neg
scold,neg
hallucinate,neg
rankle,neg
daze,neg
immature,neg
rascals,neg
lure,neg
lack,neg
vociferous,neg
lurk,neg
manic,neg
befoul,neg
weariness,neg
grumpier,neg
anemic,neg
deplorably,neg
bewildered,neg
exaggerate,neg
pinch,neg
loneliness,neg
tarnishing,neg
relentlessly,neg
deplorable,neg
winded,neg
tenuous,neg
tired,neg
blasphemy,neg
second,neg
louder,neg
blaspheme,neg
emptiness,neg
loathing,neg
haughtily,neg
decadence,neg
pander,neg
gawky,neg
errors,neg
ignominiously,neg
worsen,neg
hatefully,neg
hazy,neg
decry,neg
toll,neg
ugliest,neg
reluctant,neg
harbors,neg
ultimatums,neg
deadbeat,neg
error,neg
weirdly,neg
thrash,neg
genic,neg
wastefulness,neg
natured,neg
anarchism,neg
k,neg
harass,neg
lonesome,neg
ignominious,neg
anarchist,neg
criticism,neg
envious,neg
loveless,neg
dehumanize,neg
angrily,neg
mawkishness,neg
nauseate,neg
uncivil,neg
cheats,neg
undesirable,neg
scarier,neg
cheating,neg
exhort,neg
negative,neg
cannibal,neg
leaks,neg
incautious,neg
leaky,neg
agonizingly,neg
perilously,neg
blather,neg
barbarous,neg
wary,neg
obtrusive,neg
naive,neg
phony,neg
warp,neg
grief,neg
qualm,neg
adamant,neg
err,neg
taunts,neg
refusing,neg
worn,neg
regrets,neg
deficiencies,neg
quarrel,neg
defile,neg
compulsive,neg
wane,neg
deadweight,neg
punk,neg
heartless,neg
impair,neg
malign,neg
fanciful,neg
degenerate,neg
flairs,neg
loathe,neg
collude,neg
farce,neg
chilly,neg
complaining,neg
agony,neg
vagrant,neg
damage,neg
debauchery,neg
faults,neg
aching,neg
faulty,neg
fudge,neg
fanaticism,neg
badly,neg
fever,neg
aches,neg
lag,neg
growl,neg
wrong,neg
extortion,neg
ambivalent,neg
complacent,neg
alienate,neg
hasty,neg
longingly,neg
backwoods,neg
mania,neg
haste,neg
remorseful,neg
greed,neg
hardhearted,neg
ghastly,neg
partisans,neg
wrought,neg
wickedness,neg
undid,neg
wickedly,neg
grapple,neg
whips,neg
worthlessly,neg
undercut,neg
grievous,neg
madly,neg
litigious,neg
weakness,neg
unemployed,neg
bane,neg
renunciation,neg
shameful,neg
aborted,neg
payback,neg
gloom,neg
shadowy,neg
emphatic,neg
explode,neg
capricious,neg
addicted,neg
harried,neg
punishable,neg
wariness,neg
mangled,neg
combust,neg
caustic,neg
mangles,neg
whining,neg
fevers,neg
god,neg
ranted,neg
laid,neg
undone,neg
remorse,neg
tingling,neg
bitingly,neg
rail,neg
lawless,neg
fugitive,neg
sadly,neg
entrap,neg
obstructing,neg
alarmingly,neg
greasy,neg
zaps,neg
saggy,neg
senselessly,neg
maniac,neg
severity,neg
lousy,neg
heck,neg
oppose,neg
heckle,neg
loud,neg
clouding,neg
relentlessness,neg
enraged,neg
naughty,neg
daunting,neg
officious,neg
callous,neg
rant,neg
picketed,neg
deplete,neg
clamorous,neg
ditch,neg
nastiness,neg
declaim,neg
cheerless,neg
rated,neg
debase,neg
rejects,neg
sarcasm,neg
top,neg
vibrate,neg
immodest,neg
fumble,neg
wildly,neg
bitter,neg
damaging,neg
lovelorn,neg
illiterate,neg
paltry,neg
collapse,neg
fanatical,neg
leaking,neg
rejected,neg
inarticulate,neg
wasted,neg
peculiar,neg
rebuff,neg
peril,neg
affront,neg
rampage,neg
bitterness,neg
idle,neg
guilt,neg
hallucination,neg
pervasive,neg
fathomless,neg
rattle,neg
pessimism,neg
screwy,neg
lull,neg
gabble,neg
latency,neg
jealously,neg
relapse,neg
agonies,neg
gripe,neg
impotent,neg
defiantly,neg
demoralizing,neg
worsening,neg
clunky,neg
imprudent,neg
writhe,neg
timidity,neg
object,neg
improbable,neg
vexing,neg
mashed,neg
chatterbox,neg
toil,neg
addict,neg
conceded,neg
illogical,neg
mushy,neg
alarm,neg
impudently,neg
nettle,neg
inaccuracies,neg
annoyed,neg
fussy,neg
bomb,neg
coup,neg
heckles,neg
musty,neg
undue,neg
uneasiness,neg
incoherently,neg
queer,neg
lethal,neg
heckled,neg
sags,neg
cheaply,neg
capitulate,neg
painfully,neg
undignified,neg
delays,neg
debts,neg
haze,neg
leakages,neg
rich,neg
enslave,neg
nightmarishly,neg
jeers,neg
emphatically,neg
denounce,neg
degradation,neg
baffle,neg
ultimatum,neg
nasty,neg
volatility,neg
collusion,neg
idiotic,neg
enraging,neg
illegitimate,neg
bad,neg
nefariously,neg
implication,neg
erroneous,neg
gallingly,neg
inapt,neg
unexpectedly,neg
damnation,neg
fail,neg
inappropriate,neg
scrap,neg
deceptively,neg
tainted,neg
scorn,neg
ulterior,neg
lethargic,neg
lazy,neg
confusion,neg
juddering,neg
weak,neg
ignorance,neg
weary,neg
tortures,neg
defiance,neg
debt,neg
uncreative,neg
blasted,neg
violators,neg
decrepitude,neg
fallacious,neg
ill,neg
incense,neg
pertinacious,neg
dents,neg
gainsayer,neg
escapade,neg
obscenity,neg
vain,neg
epidemic,neg
incessant,neg
vindictiveness,neg
matte,neg
lowly,neg
laughingstock,neg
comical,neg
penalize,neg
petty,neg
jobless,neg
bewilder,neg
futility,neg
bedlamite,neg
leech,neg
refuted,neg
obese,neg
life,neg
wheedle,neg
beastly,neg
suppress,neg
bereavement,neg
decrepit,neg
pandering,neg
imbroglio,neg
refutes,neg
throttle,neg
haters,neg
jeeringly,neg
chill,neg
gritty,neg
harms,neg
scars,neg
ugly,neg
lesser,neg
ail,neg
abrupt,neg
niggles,neg
torment,neg
mangle,neg
pessimistic,neg
provocative,neg
manipulators,neg
teasingly,neg
shame,neg
lugubrious,neg
exile,neg
sever,neg
cataclysmal,neg
damaged,neg
lacking,neg
wound,neg
fatal,neg
haphazard,neg
complex,neg
damages,neg
imperiously,neg
vibrates,neg
fuss,neg
unbearable,neg
hang,neg
demolisher,neg
evil,neg
vibrated,neg
jealous,neg
haggard,neg
immaterial,neg
incapably,neg
failing,neg
taint,neg
berate,neg
ragged,neg
fanatically,neg
impediment,neg
incapable,neg
impertinent,neg
left,neg
bereave,neg
wasteful,neg
beset,neg
thumbs,neg
uncooperative,neg
yet,neg
impending,neg
toughness,neg
unable,neg
vibration,neg
passive,neg
quarrelsome,neg
falter,neg
pitiful,neg
erratically,neg
salacious,neg
addicts,neg
perfunctory,neg
bastards,neg
vanity,neg
peeved,neg
impolitic,neg
lapsed,neg
farcically,neg
erodes,neg
flabbergasted,neg
lapses,neg
notorious,neg
warily,neg
macabre,neg
deaf,neg
dead,neg
accost,neg
hassle,neg
election,neg
pugnacious,neg
harassment,neg
confusing,neg
denies,neg
dense,neg
exhausts,neg
gruesomely,neg
remorselessness,neg
denied,neg
blackmail,neg
angriness,neg
confrontation,neg
defensive,neg
losing,neg
hardliners,neg
chafe,neg
limitation,neg
chaff,neg
hard,neg
lackey,neg
grievously,neg
choke,neg
undocumented,neg
genocide,neg
lacked,neg
blabber,neg
lied,neg
wasting,neg
obscene,neg
quibbles,neg
down,neg
fumes,neg
lewd,neg
annoyance,neg
deception,neg
jealousy,neg
lags,neg
embroil,neg
gimmicked,neg
war,neg
happy,neg
questionable,neg
sagging,neg
head,neg
abysmal,neg
immorality,neg
gripes,neg
heinous,neg
failure,neg
tacky,neg
surrender,neg
absent,neg
pest,neg
torturing,neg
afflictive,neg
glaringly,neg
temper,neg
panicky,neg
tarnishes,neg
impropriety,neg
scandalous,neg
fury,neg
wretched,neg
opportunistic,neg
tarnished,neg
annoying,neg
graft,neg
blatantly,neg
radically,neg
leer,neg
heartbreakingly,neg
meanness,neg
handed,neg
tin,neg
falsely,neg
complicit,neg
evasive,neg
enemies,neg
erosion,neg
tardy,neg
geezer,neg
mangling,neg
partiality,neg
fell,neg
persecution,neg
scratchy,neg
cheated,neg
expropriate,neg
faze,neg
quandary,neg
pertinaciously,neg
cheater,neg
time,neg
denunciate,neg
backward,neg
hardheaded,neg
debauch,neg
vestiges,neg
known,neg
jarring,neg
adamantly,neg
uneven,neg
deceitful,neg
obsessively,neg
vex,neg
gutless,neg
deject,neg
quash,neg
negativity,neg
weakening,neg
perversion,neg
terror,neg
regress,neg
jerk,neg
allegations,neg
unavoidably,neg
unfamiliar,neg
liability,neg
cataclysmic,neg
ferociously,neg
fatigued,neg
tanks,neg
advised,neg
feeble,neg
incitement,neg
cloudy,neg
grimace,neg
encroach,neg
unexpected,neg
regret,neg
repetitive,neg
obsolete,neg
scarcity,neg
perplexity,neg
tempest,neg
acrimonious,neg
deluded,neg
jeopardy,neg
havoc,neg
torturously,neg
suspect,neg
falling,neg
scar,neg
peculiarly,neg
paradoxical,neg
sardonically,neg
abscond,neg
peeled,neg
gawk,neg
water,neg
demonizing,neg
deceit,neg
shamelessness,neg
impatiently,neg
guilty,neg
vibrating,neg
exploitation,neg
denunciation,neg
weird,neg
negatives,neg
pessimistically,neg
testily,neg
betraying,neg
paralyzed,neg
fake,neg
ailing,neg
scam,neg
flagging,neg
senile,neg
confounded,neg
angry,neg
ravage,neg
underpowered,neg
swagger,neg
marginally,neg
wicked,neg
scratched,neg
ambiguity,neg
condescension,neg
demonized,neg
throbbed,neg
ignorant,neg
degrade,neg
scratches,neg
judder,neg
demonizes,neg
degenerately,neg
demolish,neg
bemoaning,neg
degradingly,neg
deformed,neg
fatalistic,neg
cat,neg
flaking,neg
batty,neg
grouchy,neg
fuck,neg
abort,neg
battered,neg
confuses,neg
provoke,neg
calumnious,neg
redundancy,neg
bankrupt,neg
malevolence,neg
delirious,neg
meager,neg
scornfully,neg
unbelievable,neg
mar,neg
fascist,neg
scoff,neg
pathetic,neg
fascism,neg
heartbreaking,neg
designed,neg
destructive,neg
unbelievably,neg
egotistical,neg
vomited,neg
scrambling,neg
aimless,neg
worryingly,neg
scolding,neg
nosey,neg
needy,neg
darkened,neg
pickets,neg
deceive,neg
imprecision,neg
offend,neg
serving,neg
fatuity,neg
shaky,neg
unacceptable,neg
unacceptably,neg
nefarious,neg
shake,neg
unfavorable,neg
cold,neg
setbacks,neg
pugnacity,neg
dangerousness,neg
haughty,neg
lackluster,neg
undermined,neg
suspicion,neg
swindle,neg
loophole,neg
non,neg
lonely,neg
accusations,neg
condescendingly,neg
rattled,neg
illogically,neg
killer,neg
bashful,neg
maniacal,neg
sarcastic,neg
nonsense,neg
vexingly,neg
sorted,neg
uncontrolled,neg
killed,neg
rattles,neg
wily,neg
feverish,neg
lies,neg
fawningly,neg
careless,neg
scolded,neg
vexation,neg
wearisome,neg
nettlesome,neg
ailment,neg
abnormal,neg
aloof,neg
vociferously,neg
giddy,neg
impurity,neg
belligerence,neg
inadequacy,neg
thirst,neg
hastily,neg
condemns,neg
inaction,neg
scandalize,neg
hefty,neg
carp,neg
vicious,neg
complicated,neg
dehumanization,neg
gaffe,neg
nightmarish,neg
ominous,neg
delude,neg
tangles,neg
imposers,neg
flare,neg
impose,neg
gaff,neg
vehemently,neg
funky,neg
tangled,neg
quibble,neg
neglect,neg
puny,neg
sarcastically,neg
feign,neg
fetched,neg
impossibly,neg
scandalized,neg
one,neg
clumsy,neg
chide,neg
impossible,neg
raped,neg
cheesy,neg
zap,neg
languish,neg
impetuous,neg
imprecate,neg
little,neg
thoughtless,neg
wrath,neg
murky,neg
thankless,neg
haggle,neg
lambaste,neg
daunt,neg
gaudy,neg
refuse,neg
mawkishly,neg
junkyard,neg
chintzy,neg
petrified,neg
bewitch,neg
impractical,neg
tawdry,neg
heavyhearted,neg
scourge,neg
impinge,neg
extinguish,neg
lurid,neg
damned,neg
illness,neg
capsize,neg
swamped,neg
improbability,neg
sag,neg
sad,neg
picketing,neg
lurking,neg
anger,neg
perplexing,neg
bewilderingly,neg
sap,neg
pry,neg
glibly,neg
lumpy,neg
sanctimonious,neg
wretch,neg
beggarly,neg
hedonistic,neg
swelled,neg
pimple,neg
thug,neg
commonplace,neg
pain,neg
impulsively,neg
betrayal,neg
falls,neg
complaints,neg
hardships,neg
viewable,neg
touchy,neg
defeating,neg
pernicious,neg
jitters,neg
massacres,neg
wreaked,neg
scowl,neg
guiltily,neg
jittery,neg
partisan,neg
cheat,neg
cheap,neg
thoughtlessness,neg
hack,neg
scarce,neg
aggressive,neg
calumnies,neg
deform,neg
nemesis,neg
jolt,neg
shimmer,neg
impunity,neg
maliciousness,neg
wood,neg
deign,neg
malcontent,neg
graceless,neg
exaggeration,neg
get,neg
incivility,neg
begging,neg
loath,neg
hedge,neg
gibber,neg
unethical,neg
cautionary,neg
beseech,neg
obliterate,neg
imbecile,neg
impolite,neg
absurdly,neg
worried,neg
joker,neg
barbaric,neg
dawdle,neg
losers,neg
liable,neg
worries,neg
worrier,neg
worrying,neg
inappropriately,neg
lethargy,neg
imposing,neg
uneconomical,neg
fatefully,neg
famine,neg
gangster,neg
recalcitrant,neg
underpaid,neg
concern,neg
fails,neg
alarming,neg
incite,neg
belittled,neg
altercation,neg
vindictively,neg
impure,neg
recourses,neg
unappealing,neg
kook,neg
checkered,neg
pettifog,neg
killing,neg
blame,neg
calumniation,neg
harshly,neg
venomously,neg
undermine,neg
quack,neg
farcical,neg
gimmicky,neg
calamitously,neg
murderously,neg
inanely,neg
fulminate,neg
belie,neg
tout,neg
reluctantly,neg
delirium,neg
calumniate,neg
shamefully,neg
jitter,neg
cancer,neg
extravagantly,neg
accusation,neg
exploit,neg
importunate,neg
bizarre,neg
caricature,neg
undercuts,neg
wobble,neg
concede,neg
absentee,neg
needlessly,neg
castrated,neg
jerky,neg
confessions,neg
exhaustion,neg
impugn,neg
exasperate,neg
formed,neg
wounds,neg
suspicions,neg
vagueness,neg
fallaciously,neg
flabbergast,neg
cash,neg
scarily,neg
handicapped,neg
notoriety,neg
shatter,neg
quitter,neg
scum,neg
implacable,neg
tentatively,neg
gimmicks,neg
bleakly,neg
blah,neg
bias,neg
bestial,neg
blab,neg
worry,neg
debilitating,neg
erroneously,neg
harsh,neg
underestimate,neg
anarchistic,neg
pan,neg
exhaust,neg
pedantic,neg
admonishingly,neg
defy,neg
refusal,neg
lambast,neg
entanglement,neg
weep,neg
puzzling,neg
complained,neg
longing,neg
undependability,neg
undefined,neg
idiotically,neg
objection,neg
severe,neg
demean,neg
inability,neg
grumpy,neg
offensively,neg
flakey,neg
parody,neg
clog,neg
scarred,neg
fume,neg
unconstitutional,neg
wreaks,neg
violent,neg
pariah,neg
fateful,neg
madness,neg
inaudible,neg
perilous,neg
death,neg
clueless,neg
deceiving,neg
adulterated,neg
occluded,neg
senseless,neg
harrow,neg
maledict,neg
treatment,neg
grating,neg
eviscerate,neg
backbite,neg
kills,neg
offence,neg
dark,neg
commotions,neg
ramshackle,neg
confined,neg
implicate,neg
grim,neg
occludes,neg
paupers,neg
expunge,neg
oddly,neg
wrongful,neg
halfheartedly,neg
obstruct,neg
falsehood,neg
afflict,neg
debilitate,neg
imprisonment,neg
hacks,neg
erase,neg
demeaning,neg
gross,neg
perverse,neg
renounce,neg
dauntingly,neg
fusty,neg
unachievable,neg
goofy,neg
compulsion,neg
knife,neg
biased,neg
egocentric,neg
racism,neg
dejection,neg
sadden,neg
throb,neg
unease,neg
imminence,neg
uneasy,neg
dastardly,neg
biases,neg
hectic,neg
perversity,neg
emasculate,neg
exasperating,neg
tease,neg
zealous,neg
jeer,neg
demonic,neg
knave,neg
threesome,neg
nastily,neg
fallacy,neg
annoyances,neg
perturbed,neg
flawed,neg
acridly,neg
deceivers,neg
fated,neg
calamities,neg
totalitarian,neg
betrays,neg
madder,neg
cats,neg
racist,neg
futile,neg
allergic,neg
gibe,neg
fanatic,neg
shamelessly,neg
fastidious,neg
delayed,neg
manipulative,neg
recoil,neg
elimination,neg
impedance,neg
warped,neg
condemnable,neg
belated,neg
abused,neg
darken,neg
annihilate,neg
rage,neg
fabricate,neg
grudging,neg
extermination,neg
sadness,neg
eschew,neg
grouch,neg
punitive,neg
gibberish,neg
deadlock,neg
darker,neg
exhausted,neg
grumpily,neg
fallaciousness,neg
accusingly,neg
casualty,neg
tedious,neg
abyss,neg
onerous,neg
vomits,neg
idiot,neg
selfishly,neg
abolish,neg
unaccustomed,neg
heathen,neg
woeful,neg
victimize,neg
puzzlement,neg
expropriation,neg
damnably,neg
dented,neg
fetid,neg
damnable,neg
unattractive,neg
imminently,neg
grudge,neg
uglier,neg
maliciously,neg
judders,neg
recklessness,neg
refutation,neg
satirize,neg
banishment,neg
liar,neg
vile,neg
washed,neg
beware,neg
allergy,neg
importune,neg
pique,neg
wrestle,neg
defamations,neg
improperly,neg
wanton,neg
catastrophe,neg
extraneous,neg
scratch,neg
degeneration,neg
worse,neg
equivocal,neg
puzzled,neg
far,neg
facetious,neg
fat,neg
worst,neg
minded,neg
fall,neg
awful,neg
savagery,neg
maladjusted,neg
gainsay,neg
remorsefully,neg
ranting,neg
deficient,neg
wilt,neg
abuses,neg
liars,neg
damper,neg
throbbing,neg
conflicted,neg
lechery,neg
enfeeble,neg
pandemonium,neg
enjoin,neg
hamper,neg
darkness,neg
scorching,neg
whimper,neg
rascal,neg
lurch,neg
exasperation,neg
faltered,neg
undecided,neg
falsify,neg
full,neg
passiveness,neg
loose,neg
raked,neg
vomiting,neg
deceitfully,neg
harridan,neg
tiringly,neg
grudges,neg
enmity,neg
losses,neg
whine,neg
whiny,neg
calumniously,neg
panders,neg
marginal,neg
impiety,neg
fatuous,neg
glitch,neg
chunky,neg
fearfully,neg
fatuously,neg
lewdness,neg
decrement,neg
coercion,neg
inadequately,neg
flaws,neg
faint,neg
wobbled,neg
mysterious,neg
furor,neg
hegemony,neg
flat,neg
flaw,neg
delaying,neg
erode,neg
regrettable,neg
excuse,neg
grisly,neg
regrettably,neg
amputate,neg
adulteration,neg
objections,neg
flak,neg
immoderately,neg
gauche,neg
offender,neg
imprecisely,neg
entrapment,neg
taut,neg
dazed,neg
scramble,neg
shark,neg
embarrassing,neg
challenging,neg
gravely,neg
onslaught,neg
neglected,neg
coerce,neg
fundamentalism,neg
lacks,neg
allege,neg
condemn,neg
scandals,neg
obnoxious,neg
sermonize,neg
acrimony,neg
goad,neg
hampered,neg
weed,neg
reject,neg
wiles,neg
perversely,neg
lanky,neg
acerbate,neg
tetchy,neg
malcontented,neg
weaknesses,neg
idiocy,neg
numb,neg
gasp,neg
bleak,neg
malevolent,neg
debility,neg
obstinately,neg
deluge,neg
shady,neg
groundless,neg
bashing,neg
gloomy,neg
jeering,neg
admonishment,neg
impermissible,neg
egregiously,neg
uneventful,neg
torturous,neg
incessantly,neg
developed,neg
oblique,neg
setback,neg
womanizing,neg
lewdly,neg
flaunt,neg
hell,neg
emaciated,neg
susceptible,neg
reluctance,neg
sensationalize,neg
famished,neg
symptoms,neg
absence,neg
uncivilized,neg
clamor,neg
bereft,neg
backache,neg
goof,neg
egotistically,neg
seeking,neg
goon,neg
undissolved,neg
imperil,neg
vomit,neg
capriciousness,neg
belittle,neg
unauthentic,neg
complain,neg
mystery,neg
evade,neg
debacle,neg
aggrieved,neg
harboring,neg
heavy,neg
harm,neg
needless,neg
exasperated,neg
watered,neg
bickering,neg
exorbitant,neg
backbiting,neg
fist,neg
hardliner,neg
racy,neg
absurdity,neg
anarchy,neg
embattled,neg
tangle,neg
tenderness,neg
childish,neg
expulse,neg
bellicose,neg
dejectedly,neg
tiresome,neg
impudence,neg
nervously,neg
laughably,neg
favored,neg
bedlam,neg
paucity,neg
clique,neg
laughable,neg
hapless,neg
bash,neg
scathing,neg
execrate,neg
omit,neg
terrible,neg
gape,neg
terribly,neg
threat,neg
cataclysmically,neg
fallen,neg
perturb,neg
radical,neg
belligerent,neg
barbarian,neg
scandalously,neg
defects,neg
hatefulness,neg
bland,neg
wrest,neg
jabber,neg
unexplained,neg
symptom,neg
picket,neg
swipe,neg
threatening,neg
hangs,neg
zealot,neg
pains,neg
headache,neg
imperfect,neg
scarcely,neg
gimmicking,neg
satirical,neg
gruesome,neg
rampant,neg
carnage,neg
commiserate,neg
lament,neg
impersonal,neg
annihilation,neg
battering,neg
treated,neg
abysmally,neg
phobic,neg
phobia,neg
suspicious,neg
defect,neg
decadent,neg
randomly,neg
murder,neg
servitude,neg
engulf,neg
vileness,neg
gall,neg
mawkish,neg
vulnerable,neg
lie,neg
evasion,neg
refute,neg
tarnish,neg
self,neg
cave,neg
commotion,neg
lackadaisical,neg
flares,neg
aggravating,neg
ludicrously,neg
yawn,neg
virus,neg
nitpicking,neg
raving,neg
unequal,neg
loopholes,neg
faithless,neg
waning,neg
seething,neg
barren,neg
fainthearted,neg
deceitfulness,neg
scuffs,neg
naively,neg
lying,neg
niggle,neg
ugh,neg
languid,neg
acerbic,neg
exterminate,neg
agonize,neg
swelling,neg
aghast,neg
malignant,neg
felon,neg
underdog,neg
defiler,neg
aggravate,neg
delinquent,neg
paranoid,neg
nervous,neg
grotesque,neg
paranoia,neg
penalty,neg
failed,neg
idiots,neg
shamefulness,neg
betray,neg
eruptions,neg
inadvisable,neg
hardened,neg
hit,neg
scuff,neg
babble,neg
zapped,neg
cheapen,neg
nagging,neg
guile,neg
enemy,neg
chasten,neg
sacrificed,neg
lividly,neg
tanked,neg
kill,neg
obscure,neg
relentless,neg
set,neg
martyrdom,neg
declines,neg
grumpiest,neg
petrify,neg
threats,neg
wail,neg
rejecting,neg
degrading,neg
jaundiced,neg
abrade,neg
woe,neg
viciousness,neg
berserk,neg
na??ve,neg
hardship,neg
notoriously,neg
timidly,neg
betrayer,neg
incommensurate,neg
loathly,neg
aggrieve,neg
egotism,neg
abruptly,neg
defunct,neg
ignominy,neg
carelessness,neg
offending,neg
harpy,neg
scams,neg
retarded,neg
improper,neg
panicking,neg
regretfully,neg
acrid,neg
expensive,neg
headaches,neg
decline,neg
complication,neg
imperfections,neg
acrimoniously,neg
damn,neg
coarse,neg
threaten,neg
evildoer,neg
aborts,neg
imprudence,neg
bitchy,neg
usage,neg
chatter,neg
inclement,neg
uncertain,neg
unconvincingly,neg
grainy,neg
leaning,neg
endanger,neg
loot,neg
uncompromising,neg
violently,neg
imperialist,neg
demon,neg
rancor,neg
confound,neg
debaser,neg
enervate,neg
anguish,neg
funny,neg
lengthy,neg
facetiously,neg
radicalization,neg
fallacies,neg
thoughtlessly,neg
repel,neg
ached,neg
ugliness,neg
impious,neg
conflict,neg
sham,neg
used,neg
fatty,neg
censure,neg
impede,neg
rabid,neg
haunting,neg
uneasily,neg
timid,neg
fabrication,neg
oddest,neg
whores,neg
picky,neg
loathsome,neg
grind,neg
scummy,neg
y,neg
recant,neg
grossly,neg
grievance,neg
chore,neg
jeopardize,neg
pillory,neg
vindictive,neg
ludicrous,neg
ignoble,neg
belabor,neg
inactive,neg
cocky,neg
vengefully,neg
glitches,neg
illusions,neg
dastard,neg
hated,neg
decayed,neg
vague,neg
tormented,neg
impoverished,neg
hates,neg
hater,neg
complaint,neg
complains,neg
emergency,neg
bid,neg
condemnation,neg
tiring,neg
cataclysm,neg
terrorize,neg
knock,neg
semi,neg
immorally,neg
confront,neg
maltreatment,neg
ignore,neg
aggravation,neg
fucking,neg
extremism,neg
back,neg
impeach,neg
extremist,neg
felonious,neg
pathetically,neg
impoverish,neg
selfishness,neg
parasite,neg
pale,neg
savage,neg
nauseating,neg
defamation,neg
feckless,neg
zealously,neg
manipulate,neg
pillage,neg
scaly,neg
jumpy,neg
taxing,neg
wayward,neg
odor,neg
imprison,neg
obscures,neg
refused,neg
zombie,neg
gracelessly,neg
refuses,neg
ache,neg
taboo,neg
obscured,neg
peevishly,neg
unconfirmed,neg
hawkish,neg
tortuous,neg
wrinkles,neg
lifeless,neg
ambush,neg
licentious,neg
wrinkled,neg
hatred,neg
incoherence,neg
harassed,neg
abusive,neg
heedless,neg
obstructed,neg
harasses,neg
obscenely,neg
ghosting,neg
delusional,neg
warned,neg
lone,neg
long,neg
addicting,neg
oddities,neg
calumny,neg
peevish,neg
tingled,neg
errant,neg
opponent,neg
mundane,neg
impudent,neg
perplex,neg
capriciously,neg
warlike,neg
harangue,neg
mystify,neg
rejection,neg
viciously,neg
malodorous,neg
recessionary,neg
up,neg
halfhearted,neg
un,neg
oddity,neg
defined,neg
nepotism,neg
lackeys,neg
haunt,neg
warning,neg
seethe,neg
obtuse,neg
denying,neg
caustically,neg
lemon,neg
nag,neg
tentative,neg
evils,neg
malicious,neg
fears,neg
futilely,neg
excuses,neg
defrauding,neg
scapegoat,neg
wrongly,neg
accidental,neg
besiege,neg
sided,neg
pestilent,neg
suppression,neg
wrinkle,neg
effrontery,neg
gloatingly,neg
vice,neg
tank,neg
scream,neg
impatient,neg
inaccuracy,neg
failures,neg
imprecise,neg
offensiveness,neg
pervert,neg
sharply,neg
effigy,neg
rants,neg
knotted,neg
wrangle,neg
amiss,neg
bait,neg
egomania,neg
unfaithful,neg
worrisome,neg
concerned,neg
loathsomely,neg
obstinate,neg
barbarically,neg
blandish,neg
nervousness,neg
annoy,neg
implausibly,neg
murderous,neg
torture,neg
confounding,neg
accuse,neg
implausible,neg
defamatory,neg
incoherent,neg
excruciating,neg
uncompetitive,neg
tenuously,neg
damning,neg
gullible,neg
nauseatingly,neg
catastrophes,neg
exasperatingly,neg
sedentary,neg
choppy,neg
earsplitting,neg
abominably,neg
chastise,neg
uncomfortably,neg
encroachment,neg
malice,neg
uncomfortable,neg
languor,neg
abominable,neg
odd,neg
leakage,neg
recession,neg
backaches,neg
unavailable,neg
impasse,neg
concessions,neg
bearish,neg
exacerbate,neg
sweaty,neg
aground,neg
volatile,neg
denunciations,neg
embroilment,neg
nitpick,neg
uncollectible,neg
punch,neg
nonexistent,neg
radicals,neg
licentiousness,neg
conceited,neg
woefully,neg
adulterate,neg
conceit,neg
screech,neg
expire,neg
acridness,neg
abominate,neg
panicked,neg
danger,neg
limp,neg
confession,neg
improbably,neg
extravagance,neg
weaker,neg
duck,neg
scandal,neg
gimmick,neg
cloud,neg
absurdness,neg
strapped,neg
confidence,neg
belittling,neg
illegal,neg
demoralizingly,neg
nauseates,neg
scariest,neg
bitterly,neg
cackle,neg
baffled,neg
malevolently,neg
confused,neg
virulence,neg
debaucher,neg
tattered,neg
eccentricity,neg
enviously,neg
inattentive,neg
entangle,neg
f,neg
hardball,neg
lapse,neg
feebleminded,neg
gruff,neg
languorously,neg
wedge,neg
immoderate,neg
bent,neg
beleaguer,neg
condescend,neg
recklessly,neg
exorbitantly,neg
fearsome,neg
weaken,neg
galls,neg
clogs,neg
syndrome,neg
defective,neg
lame,neg
ambivalence,neg
tamper,neg
embarrassingly,neg
negation,neg
neurotic,neg
delay,neg
rape,neg
undersized,neg
grudgingly,neg
immoral,neg
villainously,neg
occlude,neg
abrasive,neg
puppets,neg
furiously,neg
scornful,neg
impenitent,neg
hazard,neg
impulsive,neg
throbs,neg
abuse,neg
fatigue,neg
debasement,neg
flagrantly,neg
ambiguous,neg
lecher,neg
obnoxiously,neg
noises,neg
liner,neg
redundant,neg
alienation,neg
womanizer,neg
furious,neg
violator,neg
languorous,neg
rebellious,neg
vainly,neg
beguile,neg
patronize,neg
exclusion,neg
decay,neg
goading,neg
imperfection,neg
remorseless,neg
blatant,neg
choleric,neg
fustigate,neg
demoralize,neg
lunatic,neg
grievances,neg
denigrate,neg
negligent,neg
wobbles,neg
impaired,neg
bewilderment,neg
estranged,neg
panic,neg
admonisher,neg
pales,neg
virulent,neg
licentiously,neg
erratic,neg
flair,neg
thwart,neg
tension,neg
tepid,neg
deficiency,neg
regressive,neg
castigate,neg
jagged,neg
banal,neg
out,neg
lukewarm,neg
rigging,neg
pertinacity,neg
confess,neg
chaos,neg
venom,neg
shambles,neg
obsessive,neg
occluding,neg
obsess,neg
perish,neg
greedy,neg
heartbreaker,neg
implode,neg
conflicts,neg
embarrass,neg
delinquency,neg
bleed,neg
scary,neg
peeve,neg
galling,neg
obstacle,neg
illicit,neg
pigs,neg
barbarity,neg
biting,neg
grieving,neg
scare,neg
mad,neg
obscurity,neg
blown,neg
bleakness,neg
confuse,neg
sack,neg
madden,neg
tier,neg
listless,neg
puppet,neg
bitch,neg
lagging,neg
affliction,neg
pauper,neg
deceptive,neg
vulgar,neg
lamentable,neg
immovable,neg
lamentably,neg
scant,neg
belligerently,neg
ferocity,neg
terribleness,neg
painful,neg
low,neg
malady,neg
chagrin,neg
punish,neg
shallow,neg
feint,neg
manipulation,neg
fuzzy,neg
bashed,neg
egregious,neg
objectionable,neg
aggressor,neg
beg,neg
tortured,neg
cartoonish,neg
calamity,neg
fastidiously,neg
torrent,neg
vengeful,neg
accusing,neg
perverts,neg
FALSE,neg
beggar,neg
woebegone,neg
abomination,neg
sardonic,neg
pitiable,neg
persecute,neg
killjoy,neg
screw,neg
bastard,neg
afraid,neg
haywire,neg
opinionated,neg
allergies,neg
thorny,neg
concerns,neg
underlings,neg
embroiled,neg
savages,neg
bemused,neg
clash,neg
swollen,neg
fatalistically,neg
harmful,neg
vengeance,neg
demise,neg
savaged,neg
nuisance,neg
alarmed,neg
expired,neg
class,neg
deny,neg
scrambles,neg
temptation,neg
dent,neg
scrambled,neg
absurd,neg
fiasco,neg
nebulously,neg
maddeningly,neg
inane,neg
lawbreaker,neg
qualms,neg
reprehensible,neg
violation,neg
bigotries,neg
vengefulness,neg
farfetched,neg
rebuke,neg
fear,neg
reprehensibly,neg
thicker,neg
idiocies,neg
madman,neg
wreak,neg
rash,neg
jam,neg
betrayals,neg
wretchedness,neg
undermining,neg
interested,neg
hassles,neg
topple,neg
harmed,neg
massacre,neg
malaise,neg
hassled,neg
fallout,neg
ghetto,neg
deceiver,neg
imperious,neg
dejected,neg
defame,neg
extremists,neg
allegation,neg
omission,neg
accuses,neg
humiliation,neg
expel,neg
catastrophic,neg
admonition,neg
unfairly,neg
confrontational,neg
vilify,neg
imposition,neg
nightmare,neg
illusory,neg
worthlessness,neg
junky,neg
scathingly,neg
taunting,neg
viper,neg
tediously,neg
sabotage,neg
explosive,neg
grumble,neg
regretful,neg
obsessiveness,neg
bemoan,neg
embarrassment,neg
job,neg
barbarously,neg
refuting,neg
paradoxically,neg
enflame,neg
declining,neg
thumb,neg
undetermined,neg
tantrum,neg
limits,neg
perfidious,neg
joke,neg
clogged,neg
unconvincing,neg
vent,neg
unclear,neg
narrower,neg
coercive,neg
accursed,neg
unclean,neg
lawbreaking,neg
undependable,neg
hardline,neg
impetuously,neg
bewildering,neg
waste,neg
perplexed,neg
jaded,neg
tense,neg
dearth,neg
hateful,neg
lawlessness,neg
last,neg
enviousness,neg
shameless,neg
banish,neg
wreck,neg
imbalance,neg
lecherous,neg
fearful,neg
undermines,neg
rigger,neg
harden,neg
remorselessly,neg
inaccurately,neg
fault,neg
wild,neg
venomous,neg
ultra,neg
layoff,neg
bicker,neg
chaotic,neg
delusion,neg
lascivious,neg
excessively,neg
aggressiveness,neg
ominously,neg
regression,neg
whore,neg
odder,neg
unfaithfully,neg
denial,neg
blasphemous,neg
calamitous,neg
maddening,neg
defiant,neg
adverse,neg
terrorism,neg
fanatics,neg
garish,neg
conflicting,neg
balk,neg
reactionary,neg
selfish,neg
eccentric,neg
conceived,neg
tetchily,neg
quarrels,neg
sagged,neg
besmirch,neg
obstructs,neg
gutter,neg
off,neg
raping,neg
glower,neg
chastisement,neg
nebulous,neg
enrage,neg
catastrophically,neg
flexing,neg
deadly,neg
onerously,neg
muscle,neg
excessive,neg
negligence,neg
less,neg
glut,neg
glum,neg
temerity,neg
logged,neg
uncouth,neg
cannibalize,neg
mannered,neg
confusions,neg
uncompromisingly,neg
scoundrel,neg
wimpy,neg
virulently,neg
myth,neg
testy,neg
taunt,neg
livid,neg
condescending,neg
debatable,neg
loss,neg
racists,neg
like,neg
lost,neg
bigotry,neg
loser,neg
loses,neg
incendiary,neg
laconic,neg
lose,neg
tauntingly,neg
bafflement,neg
adversity,neg
glare,neg
shabby,neg
scared,neg
flagrant,neg
illegally,neg
tempered,neg
oblivious,neg
leery,neg
leak,neg
worthless,neg
eyesore,neg
noisier,neg
raging,neg
screwed,neg
impolitely,neg
limitations,neg
noise,neg
murderer,neg
inaccurate,neg
combative,neg
consuming,neg
imperfectly,neg
nonresponsive,neg
imaginary,neg
adversary,neg
coldly,neg
noisy,neg
seriousness,neg
backwardness,neg
flake,neg
flaky,neg
maladjustment,neg
seedy,neg
concession,neg
uncaring,neg
fatally,neg
condemned,neg
baseless,neg
obliterated,neg
loner,neg
chronic,neg
cancerous,neg
secretive,neg
negate,neg
grouse,neg
impatience,neg
noxious,neg
lagged,neg
adversarial,neg
funnily,neg
kooky,neg
delusions,neg
extravagant,neg
touted,neg
glib,neg
alienated,neg
interest,neg
worriedly,neg
hazardous,neg
admonish,neg
wince,neg
grate,neg
villains,neg
neurotically,neg
wretchedly,neg
dangerous,neg
grieve,neg
jealousness,neg
garbage,neg
limit,neg
excruciatingly,neg
bewail,neg
unaffordable,neg
inadequate,neg
meaningless,neg
gnawing,neg
pig,neg
letch,neg
acerbically,neg
demonize,neg
offensive,neg
immobilized,neg
gossip,neg
suspiciously,neg
illusion,neg
reckless,neg
junk,neg
blameworthy,neg
baffling,neg
wallow,neg
animosity,neg
agonizing,neg
extort,neg
sass,neg
undercutting,neg
villainous,neg
pugnaciously,neg
vehement,neg
all,pos
teach,pos
pardon,pos
pep,pos
magnetic,pos
relieve,pos
desirable,pos
focus,pos
overly,pos
cheerful,pos
continual,pos
mild,pos
mile,pos
sleep,pos
fairness,pos
go,pos
meditation,pos
abundant,pos
integrity,pos
empathize,pos
briskness,pos
devoted,pos
liveliness,pos
swag,pos
anticipation,pos
vulnerability,pos
lightworker,pos
religion,pos
simple,pos
young,pos
originality,pos
amaze,pos
wholeheartedly,pos
tenacity,pos
tickled,pos
health,pos
enlightenment,pos
spark,pos
friendly,pos
supreme,pos
tidsoptimist,pos
dandy,pos
belonging,pos
risk,pos
advantage,pos
compassion,pos
dynamic,pos
carefree,pos
choice,pos
ecstatify,pos
airness,pos
rapturous,pos
gratification,pos
nourished,pos
thriving,pos
winning,pos
forgiving,pos
difference,pos
pious,pos
cool,pos
elated,pos
heaven,pos
magic,pos
kaajhuab,pos
holiness,pos
benevolent,pos
leveled,pos
compassionate,pos
colors,pos
nourishing,pos
posiminder,pos
honor,pos
excellence,pos
flashy,pos
guiding,pos
team,pos
delightfully,pos
steadfastness,pos
friendliness,pos
dauwtrappen,pos
enjoy,pos
virtuoso,pos
affably,pos
protect,pos
consistent,pos
bubbling,pos
expansive,pos
blithesome,pos
synergy,pos
posiripples,pos
adulation,pos
fabulous,pos
comforting,pos
exuberant,pos
ardent,pos
affable,pos
esteem,pos
unconditional,pos
shining,pos
admire,pos
educate,pos
centering,pos
worthiness,pos
advantageous,pos
jokes,pos
cleanliness,pos
deliciousness,pos
queenly,pos
liberty,pos
greatness,pos
relent,pos
harmonious,pos
superpower,pos
capital,pos
resilient,pos
new,pos
zesty,pos
appeal,pos
alertness,pos
movement,pos
advantageously,pos
outgoing,pos
delighted,pos
festive,pos
assertive,pos
empower,pos
learn,pos
feisty,pos
posisinger,pos
understanding,pos
water,pos
upgrade,pos
let,pos
healing,pos
fulfill,pos
active,pos
consideration,pos
mourning,pos
transformation,pos
change,pos
celebration,pos
stellar,pos
great,pos
animated,pos
orenda,pos
conviction,pos
brilliant,pos
involved,pos
inspired,pos
generator,pos
koibito,pos
xenophile,pos
experience,pos
interconnected,pos
benevolence,pos
accomplished,pos
studious,pos
pick,pos
action,pos
hospitality,pos
salvation,pos
changer,pos
ikigai,pos
breathtaking,pos
adjustable,pos
heedful,pos
secure,pos
family,pos
extra,pos
win,pos
worthy,pos
highly,pos
marvelous,pos
flexibility,pos
enlivened,pos
achievable,pos
illumination,pos
mench,pos
kilig,pos
orientation,pos
sympathetic,pos
spunky,pos
confidence,pos
wondrous,pos
agreeably,pos
working,pos
to,pos
positive,pos
ingenuity,pos
generate,pos
rejuvenated,pos
live,pos
spontaneity,pos
contentment,pos
calm,pos
flaunting,pos
agreeable,pos
intuitiveness,pos
affluence,pos
start,pos
loving,pos
yes,pos
victory,pos
holy,pos
faith,pos
adoringly,pos
patience,pos
acceptable,pos
wellness,pos
relationships,pos
ageless,pos
charming,pos
warm,pos
virtue,pos
excellent,pos
known,pos
wholeheartedness,pos
mellow,pos
aligned,pos
glad,pos
charity,pos
abundance,pos
involve,pos
pride,pos
word,pos
virtuous,pos
challenge,pos
accomplishment,pos
ebullience,pos
soul,pos
pour,pos
worth,pos
cuddle,pos
outstanding,pos
awareness,pos
freedom,pos
altrucause,pos
nurture,pos
original,pos
gratitude,pos
proactivity,pos
stimulating,pos
beautiful,pos
admired,pos
dedicated,pos
tap,pos
stream,pos
give,pos
process,pos
awesome,pos
in,pos
accept,pos
expectant,pos
high,pos
ready,pos
rasasvada,pos
thrilled,pos
admirer,pos
chakra,pos
serendipity,pos
honest,pos
empowered,pos
gargantuan,pos
absolute,pos
huge,pos
dazzle,pos
blissfulness,pos
comfortable,pos
daring,pos
keen,pos
equanimous,pos
purpose,pos
acts,pos
renew,pos
fame,pos
welfare,pos
very,pos
amazing,pos
investing,pos
pure,pos
exaltation,pos
yugen,pos
intelligent,pos
simplicity,pos
unbelievable,pos
beauty,pos
easily,pos
possibilitarian,pos
blasting,pos
tact,pos
peace,pos
posisite,pos
blood,pos
curiosity,pos
puppies,pos
philocalist,pos
bloom,pos
grow,pos
unity,pos
cuddling,pos
readiness,pos
amin,pos
advocated,pos
splendid,pos
morphing,pos
famous,pos
light,pos
amuse,pos
appreciate,pos
like,pos
triumph,pos
juvenescent,pos
responsibility,pos
expression,pos
allow,pos
possibility,pos
pleasure,pos
interconnectivity,pos
aliveness,pos
dream,pos
order,pos
talk,pos
minded,pos
cute,pos
modesty,pos
comfort,pos
help,pos
altitudinarian,pos
astronomical,pos
insight,pos
closeness,pos
major,pos
politeness,pos
playful,pos
alacrity,pos
attitude,pos
passion,pos
brio,pos
sweetness,pos
equitably,pos
spontaneous,pos
fidelity,pos
still,pos
cheerfulness,pos
xo,pos
admirably,pos
zippy,pos
style,pos
thank,pos
equanimity,pos
beliefs,pos
personal,pos
interesting,pos
presence,pos
hot,pos
unreal,pos
alluringly,pos
better,pos
attraction,pos
heroism,pos
entranced,pos
spellbound,pos
spacious,pos
symptoms,pos
exuberance,pos
admirable,pos
easier,pos
overcome,pos
harmony,pos
perkiness,pos
non,pos
good,pos
motivated,pos
sacred,pos
food,pos
safe,pos
soulful,pos
commitment,pos
posiripple,pos
detachment,pos
conquer,pos
preservation,pos
iridescent,pos
ambition,pos
nurturing,pos
kibun,pos
kindness,pos
adventurous,pos
tionlessly,pos
strive,pos
beingness,pos
relax,pos
equality,pos
brightness,pos
mastery,pos
zappy,pos
delicate,pos
xenodochial,pos
sweetheart,pos
mirthful,pos
blazing,pos
events,pos
bless,pos
delightful,pos
harness,pos
privilege,pos
transformative,pos
truth,pos
letting,pos
accommodated,pos
giving,pos
friendship,pos
exquisite,pos
luck,pos
made,pos
recommend,pos
activate,pos
kalon,pos
noble,pos
energy,pos
abracadabra,pos
idea,pos
apotheosis,pos
engaging,pos
permalicious,pos
connect,pos
authenticity,pos
quiescent,pos
ameliorate,pos
unification,pos
beyond,pos
carefreeness,pos
special,pos
fondle,pos
living,pos
accomplish,pos
yesable,pos
won,pos
ftw,pos
bullishness,pos
god,pos
take,pos
chode,pos
sparkle,pos
jolly,pos
content,pos
applaud,pos
encourage,pos
safety,pos
abounding,pos
intrigued,pos
unabashed,pos
paradise,pos
heavenly,pos
fortitude,pos
adaptive,pos
viable,pos
assurance,pos
smart,pos
achievements,pos
asq,pos
boldness,pos
love,pos
posidriving,pos
eternal,pos
forgive,pos
free,pos
expressiveness,pos
extraordinary,pos
reason,pos
advantages,pos
relieved,pos
revived,pos
x,pos
amazement,pos
punctual,pos
alert,pos
accommodation,pos
xfactor,pos
care,pos
delight,pos
enormous,pos
benefits,pos
service,pos
blossoming,pos
contented,pos
feasible,pos
flawless,pos
audacity,pos
serenity,pos
leading,pos
thankfulness,pos
unflappable,pos
adventure,pos
truthfulness,pos
intuition,pos
angelic,pos
attributional,pos
feel,pos
utter,pos
savour,pos
positude,pos
powerful,pos
encouraging,pos
fancy,pos
one,pos
lovable,pos
will,pos
delicious,pos
effortless,pos
me,pos
fantabulous,pos
clarity,pos
open,pos
owning,pos
ekaggata,pos
quality,pos
privacy,pos
blossom,pos
authentic,pos
novaturient,pos
reliability,pos
tradition,pos
stimulation,pos
wonderful,pos
fortuitous,pos
smile,pos
posiratio,pos
exhilarating,pos
friend,pos
inner,pos
a,pos
agility,pos
selling,pos
pronia,pos
priceless,pos
centered,pos
hum,pos
appreciates,pos
continuous,pos
serve,pos
accurately,pos
innovate,pos
ichariba,pos
nirvana,pos
appreciation,pos
systematization,pos
acaronar,pos
actability,pos
piquancy,pos
resistance,pos
than,pos
enjoyment,pos
mercy,pos
kind,pos
kindly,pos
quietness,pos
effortlessness,pos
yesability,pos
enabled,pos
optimism,pos
youth,pos
matter,pos
appealing,pos
bohemian,pos
savouring,pos
beneficial,pos
lover,pos
inventiveness,pos
feeling,pos
bravery,pos
spiritedness,pos
devotion,pos
and,pos
ambitiously,pos
festiveness,pos
acclaim,pos
assertiveness,pos
angel,pos
mindfulness,pos
trusting,pos
joyful,pos
mind,pos
upskill,pos
ginger,pos
affirmative,pos
happily,pos
enchanted,pos
caress,pos
zestful,pos
sincerity,pos
goodness,pos
seen,pos
blissful,pos
yippee,pos
vulnerable,pos
ray,pos
competency,pos
astonishingly,pos
genuine,pos
efficient,pos
self,pos
awed,pos
able,pos
stillness,pos
elegance,pos
zest,pos
acumen,pos
animation,pos
absorbed,pos
amusing,pos
tranquility,pos
ecosophy,pos
blinding,pos
competence,pos
persistence,pos
accuracy,pos
play,pos
motivational,pos
amiable,pos
electric,pos
agilely,pos
adulatory,pos
whole,pos
collaboration,pos
outcome,pos
recognition,pos
mindsight,pos
debonair,pos
simplify,pos
courtesy,pos
affirmation,pos
charm,pos
reverence,pos
amiably,pos
accepting,pos
awe,pos
future,pos
fric,pos
perceptiveness,pos
achievement,pos
glow,pos
giggling,pos
flawlessly,pos
energize,pos
clear,pos
eunoia,pos
flow,pos
drive,pos
gracefully,pos
astonishing,pos
charitable,pos
creativeness,pos
clean,pos
gratefulness,pos
innocent,pos
wow,pos
perseverance,pos
renewed,pos
inspire,pos
show,pos
rapture,pos
please,pos
supported,pos
brilliance,pos
merit,pos
longevity,pos
elevate,pos
bright,pos
badassery,pos
emotions,pos
motivate,pos
rejuvenate,pos
positibilitarian,pos
fine,pos
pleased,pos
inspiring,pos
holistic,pos
just,pos
secured,pos
yay,pos
justice,pos
guidance,pos
hope,pos
enough,pos
appreciated,pos
yea,pos
going,pos
bliss,pos
touched,pos
pretty,pos
equity,pos
enthusiasm,pos
adequate,pos
heartfelt,pos
achieve,pos
loved,pos
continuity,pos
do,pos
righteousness,pos
exstatisfy,pos
exceptional,pos
sustain,pos
ardor,pos
flowing,pos
lucky,pos
satisfied,pos
vim,pos
enthusiastic,pos
courage,pos
perfection,pos
words,pos
progress,pos
eudamonia,pos
wise,pos
exultant,pos
considerate,pos
study,pos
celebrate,pos
romantic,pos
stability,pos
attentiveness,pos
prosperous,pos
appreciatively,pos
tolerance,pos
repose,pos
yearn,pos
altruistically,pos
affluent,pos
funology,pos
disney,pos
invincible,pos
through,pos
courteous,pos
valid,pos
vision,pos
pollyannaism,pos
user,pos
frugality,pos
enthralled,pos
art,pos
honesty,pos
fair,pos
creator,pos
intelligence,pos
supporting,pos
petrichor,pos
welcome,pos
intensity,pos
allure,pos
are,pos
tender,pos
hero,pos
aroused,pos
smiling,pos
best,pos
encouraged,pos
zing,pos
playfulness,pos
generosity,pos
timeliness,pos
fascinated,pos
nature,pos
gentleman,pos
hopefulness,pos
genius,pos
state,pos
beautify,pos
myriad,pos
amusingly,pos
cooperation,pos
fearless,pos
ineffable,pos
exploration,pos
soulmate,pos
approach,pos
beatify,pos
thrive,pos
discovery,pos
affordable,pos
adventuresome,pos
candor,pos
omg,pos
creating,pos
useful,pos
opening,pos
joy,pos
optimist,pos
gemutlichkeit,pos
posirippler,pos
ultimate,pos
efficiency,pos
jovial,pos
posichoice,pos
walwalun,pos
quaint,pos
competent,pos
approval,pos
precious,pos
eudaemonistic,pos
affordably,pos
motivation,pos
busting,pos
goddess,pos
empathy,pos
joyous,pos
fit,pos
adorer,pos
resistant,pos
joke,pos
taking,pos
feistiness,pos
quiet,pos
distinguished,pos
fulfilled,pos
adored,pos
connection,pos
proactive,pos
kittens,pos
halo,pos
gigil,pos
contribution,pos
approve,pos
lustrous,pos
duty,pos
gorgeous,pos
skill,pos
co,pos
majesty,pos
adroit,pos
eudaemonism,pos
sweet,pos
ubuntu,pos
wonder,pos
humored,pos
community,pos
reborn,pos
eudaemonist,pos
preparedness,pos
balistic,pos
promptness,pos
laugh,pos
sexy,pos
openness,pos
buoyancy,pos
resourcefulness,pos
flourish,pos
charismatic,pos
flourishing,pos
caring,pos
save,pos
strong,pos
resilience,pos
companionship,pos
capable,pos
addition,pos
decent,pos
create,pos
acceptance,pos
creativity,pos
synchronicity,pos
posivalues,pos
confident,pos
charisma,pos
willing,pos
communion,pos
interest,pos
peaceful,pos
expected,pos
obedient,pos
capably,pos
adroitly,pos
warmth,pos
jubilant,pos
astonishment,pos
affectionate,pos
direction,pos
decisiveness,pos
diversity,pos
easy,pos
efficacy,pos
empowering,pos
moved,pos
sufficient,pos
blessing,pos
excite,pos
graciousness,pos
insightfulness,pos
acclamation,pos
engage,pos
determination,pos
idealism,pos
altruism,pos
spirit,pos
present,pos
independence,pos
selflessness,pos
practicality,pos
affirm,pos
invigorate,pos
posiword,pos
reliable,pos
accommodating,pos
value,pos
air,pos
aim,pos
healthy,pos
animateness,pos
neat,pos
sparkles,pos
many,pos
fun,pos
aid,pos
balance,pos
guide,pos
biophilia,pos
variety,pos
understand,pos
amenity,pos
stretching,pos
amiability,pos
ripe,pos
paradisiac,pos
appreciativeness,pos
is,pos
engaged,pos
encouragement,pos
dazzled,pos
respected,pos
savings,pos
awakening,pos
vow,pos
embrace,pos
optimistic,pos
loyalty,pos
beautifully,pos
hearted,pos
motivating,pos
uplift,pos
shift,pos
temul,pos
concentration,pos
funny,pos
posilenz,pos
education,pos
succulent,pos
teachable,pos
proto,pos
things,pos
belong,pos
spectacular,pos
engrossed,pos
elevated,pos
romance,pos
stimulated,pos
agreeableness,pos
connectedness,pos
grand,pos
vocabulary,pos
party,pos
neoteny,pos
forgiveness,pos
emphatic,pos
evolve,pos
supercharge,pos
effortlessly,pos
funerific,pos
prosperity,pos
bonus,pos
logic,pos
abounds,pos
amicability,pos
cheers,pos
peppiness,pos
jubilingo,pos
strength,pos
moving,pos
appreciable,pos
mani,pos
infinite,pos
xenial,pos
opportunity,pos
refreshed,pos
thoughts,pos
keep,pos
yeah,pos
awesomeness,pos
fascinate,pos
stupendous,pos
acknowledgement,pos
amazes,pos
builder,pos
humble,pos
well,pos
willingness,pos
boho,pos
supercharged,pos
relief,pos
inspirational,pos
consistency,pos
admiringly,pos
organization,pos
the,pos
yaraana,pos
amazed,pos
know,pos
alluring,pos
restore,pos
benevolently,pos
greatful,pos
kiss,pos
consciousness,pos
yen,pos
being,pos
accurate,pos
altruistic,pos
fantastic,pos
rest,pos
shape,pos
openly,pos
leeway,pos
human,pos
world,pos
touch,pos
exemplary,pos
alternative,pos
happiness,pos
discipline,pos
web,pos
generous,pos
awaken,pos
rosiness,pos
sublime,pos
grounded,pos
elation,pos
thinking,pos
agile,pos
ease,pos
headed,pos
inquisitive,pos
aloha,pos
improvement,pos
eager,pos
add,pos
onwards,pos
affinity,pos
attractive,pos
beloved,pos
citizen,pos
harmonize,pos
wisdom,pos
posifit,pos
excited,pos
surprised,pos
luxury,pos
real,pos
dependability,pos
invigorated,pos
quiddity,pos
ample,pos
worlds,pos
posistrength,pos
big,pos
enable,pos
possible,pos
sexiness,pos
earnest,pos
game,pos
pointedness,pos
dreamy,pos
abound,pos
affability,pos
cuteness,pos
fortune,pos
amply,pos
accepted,pos
advanced,pos
heightened,pos
desire,pos
dignity,pos
effectiveness,pos
erlebnis,pos
helpful,pos
gift,pos
gypsy,pos
zeal,pos
vibrant,pos
miracle,pos
unbearably,pos
heart,pos
benefit,pos
steps,pos
exalting,pos
glamor,pos
animating,pos
perfect,pos
circumstances,pos
radiant,pos
recognize,pos
making,pos
accessible,pos
amicably,pos
learning,pos
absolutely,pos
magnificent,pos
serene,pos
alive,pos
adulated,pos
understood,pos
growth,pos
coziness,pos
refresh,pos
respect,pos
curious,pos
animate,pos
divine,pos
transparent,pos
amicable,pos
energetic,pos
capability,pos
insightful,pos
trust,pos
humor,pos
mood,pos
for,pos
beatitude,pos
gibigiana,pos
creative,pos
appreciative,pos
buyancy,pos
fog,pos
discretion,pos
meaningful,pos
expressing,pos
innovation,pos
rationality,pos
versatility,pos
adorable,pos
leader,pos
participation,pos
laughing,pos
jumpy,pos
be,pos
corking,pos
blowing,pos
power,pos
yummy,pos
convincing,pos
gorgeousness,pos
benefactor,pos
carefulness,pos
constructive,pos
feelings,pos
leadership,pos
shifting,pos
hospitable,pos
vocabuleverage,pos
memorable,pos
exciting,pos
remarkable,pos
breeziness,pos
incomparable,pos
shine,pos
on,pos
om,pos
passionate,pos
ok,pos
verify,pos
zealous,pos
of,pos
certainty,pos
favorite,pos
oneness,pos
indwelling,pos
helpfulness,pos
revelation,pos
connected,pos
complimentary,pos
youthful,pos
namaste,pos
own,pos
wealth,pos
inclusion,pos
communication,pos
freecycle,pos
skilled,pos
radiate,pos
blessed,pos
positraction,pos
accommodate,pos
thankful,pos
appropriate,pos
accomplishments,pos
lively,pos
balanced,pos
valuable,pos
relatedness,pos
your,pos
punctuality,pos
amazingly,pos
support,pos
godliness,pos
illustrious,pos
transform,pos
accountability,pos
intention,pos
victorious,pos
adaptability,pos
emulate,pos
ecstatic,pos
teamwork,pos
rightful,pos
knowledge,pos
happy,pos
nourish,pos
illuminated,pos
diligence,pos
generavity,pos
jammin?,pos
relaxed,pos
amity,pos
vitality,pos
accentuactivity,pos
collected,pos
crank,pos
scope,pos
astonished,pos
sustained,pos
TRUE,pos
plucky,pos
handsome,pos
groovy,pos
admiration,pos
lovely,pos
infinity,pos
grace,pos
glory,pos
propitious,pos
vigor,pos
heartwarming,pos
champ?,pos
up,pos
sunniness,pos
excitement,pos
accommodative,pos
adore,pos
charmer,pos
meliorism,pos
more,pos
agree,pos
affection,pos
outernationalist,pos
swaggy,pos
cordial,pos
genial,pos
proud,pos
eagerness,pos
security,pos
mindful,pos
certain,pos
congruence,pos
influence,pos
life,pos
imagination,pos
educated,pos
expertise,pos
at,pos
acclaimed,pos
therapy,pos
believable,pos
tranquil,pos
amused,pos
questionnaire,pos
champion,pos
rainbow,pos
renowned,pos
intrepid,pos
faithful,pos
incredible,pos
sexual,pos
endurance,pos
adoring,pos
loyal,pos
sunshine,pos
reality,pos
mutuality,pos
afford,pos
interested,pos
zany,pos
eudaimonia,pos
ambitious,pos
goodwill,pos
you,pos
quickening,pos
nice,pos
giddy,pos
releasing,pos
brothers,pos
daimon,pos
shelter,pos
nourishment,pos
astounding,pos
polite,pos
precision,pos
helping,pos
meaning,pos
rested,pos
allowing,pos
winnable,pos
pacify,pos
equitable,pos
aware,pos
inspiration,pos
grandiosity,pos
unhurry,pos
adaptable,pos
assume,pos
values,pos
space,pos
posimass,pos
admiring,pos
cohesion,pos
accolade,pos
tenderly,pos
unique,pos
blisscipline,pos
veneration,pos
time,pos
padme,pos
lives,pos
intimacy,pos
hello,pos
restored,pos
maturity,pos
